City_ID,City,Lat,Lng,Max Temp,Humidity,Cloudiness,Wind Speed,Country,Date
0,port-aux-francais,-49.35,70.2167,275.81,74,99,6.17,TF,1697600523
1,grytviken,-54.2811,-36.5092,275.19,87,72,5.14,GS,1697600523
2,bilibino,68.0546,166.4372,258.13,99,99,1.42,RU,1697600523
3,iqaluit,63.7506,-68.5145,272.0,58,100,1.03,CA,1697600523
4,noosa heads,-26.3833,153.15,295.99,65,97,8.67,AU,1697600523
5,waitangi,-43.9535,-176.5597,285.27,74,27,2.68,NZ,1697600416
6,at taj,24.2049,23.2857,291.09,43,4,3.16,LY,1697600524
7,margaret river,-33.95,115.0667,291.44,60,26,5.53,AU,1697600237
8,sitka,57.0531,-135.33,287.09,58,100,7.72,US,1697600524
9,titusville,28.6122,-80.8075,290.37,81,0,1.54,US,1697600423
10,katsuura,35.1333,140.3,295.09,68,75,2.6,JP,1697600524
11,znamenskoye,57.1281,73.8282,280.37,73,81,3.46,RU,1697600525
12,lompoc,34.6391,-120.4579,289.0,94,100,2.57,US,1697600525
13,tiksi,71.6872,128.8694,259.21,98,100,1.49,RU,1697600525
14,kuta,-8.7233,115.1723,303.12,70,20,5.14,ID,1697600525
15,stanley,54.868,-1.6985,283.16,86,40,4.63,GB,1697600525
16,blackmans bay,-43.0167,147.3167,294.55,40,15,3.79,AU,1697600526
17,treinta y tres,-33.2333,-54.3833,278.51,96,1,3.07,UY,1697600526
18,ancud,-41.8697,-73.8203,281.1,89,22,1.4,CL,1697600526
19,yellowknife,62.456,-114.3525,276.16,100,100,4.12,CA,1697600526
20,suntar,62.1444,117.6319,271.56,93,100,1.79,RU,1697599948
21,rio grande,-32.035,-52.0986,284.79,70,26,5.87,BR,1697600320
22,saint-pierre,-21.3393,55.4781,300.13,65,0,1.54,RE,1697600527
23,edinburgh of the seven seas,-37.0676,-12.3116,285.78,73,100,7.55,SH,1697600527
24,machachi,-0.5,-78.5667,283.01,88,67,2.37,EC,1697600527
25,porto velho,-8.7619,-63.9039,299.18,94,0,0.0,BR,1697600527
26,agat village,13.3886,144.6585,304.21,84,40,7.2,GU,1697600527
27,jinghong,21.991,100.7341,301.94,59,95,0.81,CN,1697600527
28,ust-nera,64.5667,143.2,257.71,85,99,1.34,RU,1697600528
29,thompson,55.7435,-97.8558,278.24,100,20,5.66,CA,1697600528
30,ribeira grande,38.5167,-28.7,295.25,94,100,7.15,PT,1697600528
31,pacific grove,36.6177,-121.9166,292.15,89,40,2.06,US,1697600528
32,fukuecho,32.6881,128.8419,295.35,56,20,3.09,JP,1697600528
33,utrik,11.2278,169.8474,301.19,80,87,7.8,MH,1697600529
34,bredasdorp,-34.5322,20.0403,286.94,96,0,0.86,ZA,1697600529
35,san jorge,-31.8962,-61.8598,286.95,30,100,4.54,AR,1697600529
36,kolonia,50.9333,6.95,280.35,77,0,1.54,DE,1697600354
37,linhares,-19.3911,-40.0722,295.86,85,46,1.65,BR,1697600530
38,adamstown,-25.066,-130.1015,295.23,88,100,2.77,PN,1697600530
39,bolivar,37.6145,-93.4105,285.34,74,27,3.93,US,1697600530
40,roma,43.2128,-75.4557,283.0,87,100,0.0,US,1697600530
41,puerto asis,0.5133,-76.5007,296.14,92,70,1.11,CO,1697600531
42,krasnokamensk,50.0979,118.0369,279.94,38,74,6.78,RU,1697600531
43,invercargill,-46.4,168.35,286.49,80,98,8.94,NZ,1697600532
44,yantzaza,-3.8278,-78.7594,291.78,98,45,0.69,EC,1697600532
45,bayanhongor,46.7167,100.1167,276.83,33,25,1.26,MN,1697600532
46,ushuaia,-54.8,-68.3,284.96,87,40,8.75,AR,1697600480
47,iskateley,67.6803,53.1512,274.27,89,100,4.02,RU,1697600532
48,ifakara,-8.1333,36.6833,296.73,78,47,1.79,TZ,1697600532
49,kununurra,-15.7667,128.7333,310.14,12,0,5.14,AU,1697600533
50,bedford,52.1346,-0.4663,284.99,89,100,6.61,GB,1697600533
51,cidreira,-30.1811,-50.2056,288.09,76,92,3.94,BR,1697600533
52,alofi,-19.0595,-169.9187,298.09,57,75,9.26,NU,1697600533
53,val-d'or,48.1002,-77.7828,273.2,100,0,1.03,CA,1697600485
54,gudauta,43.1055,40.6207,286.41,36,100,1.77,GE,1697600533
55,rio gallegos,-51.6226,-69.2181,284.18,50,0,3.6,AR,1697600534
56,bethel,41.3712,-73.414,284.61,86,40,2.06,US,1697600534
57,edmundston,47.3737,-68.3251,279.78,88,100,1.54,CA,1697600534
58,piti village,13.4626,144.6933,304.18,84,40,7.2,GU,1697600534
59,bardai,11.65,7.2333,295.92,71,96,1.09,NG,1697600534
60,fale old settlement,-9.3852,-171.2468,301.61,73,23,2.92,TK,1697600534
61,tolanaro,-25.0319,46.9987,296.19,94,75,3.6,MG,1697600535
62,launceston,-41.45,147.1667,294.95,35,3,8.75,AU,1697600497
63,arauquita,7.0292,-71.4281,295.05,97,69,0.85,CO,1697600535
64,puerto ayora,-0.7393,-90.3518,297.34,94,17,1.34,EC,1697600535
65,aracruz,-19.8203,-40.2733,297.71,84,46,1.4,BR,1697600535
66,kish,26.5578,54.0194,300.3,89,0,3.09,IR,1697600535
67,aswan,24.0934,32.907,294.55,39,0,4.04,EG,1697600536
68,aykhal,66.0,111.5,262.08,93,99,4.92,RU,1697600536
69,cabo san lucas,22.8909,-109.9124,302.32,65,0,2.06,MX,1697600502
70,punta arenas,-53.15,-70.9167,281.21,71,75,7.72,CL,1697600536
71,loukhi,66.0764,33.0381,272.99,81,91,4.35,RU,1697600536
72,sidi khaled,34.387,4.9879,293.55,26,24,1.3,DZ,1697600536
73,korsakov,46.6328,142.7813,287.06,62,11,5.36,RU,1697600537
74,albany,42.6001,-73.9662,284.38,90,18,1.71,US,1697600537
75,tazovsky,67.4667,78.7,278.54,95,100,5.43,RU,1697600537
76,ala,48.8378,10.0933,277.57,91,100,2.5,DE,1697600537
77,floro,61.5996,5.0328,278.13,93,75,2.57,NO,1697600537
78,loango,-4.6719,11.8312,298.96,89,20,2.06,CG,1697600537
79,tabou,4.423,-7.3528,297.52,91,84,0.84,CI,1697600538
80,kalmunai,7.4167,81.8167,297.28,93,100,3.03,LK,1697600538
81,sorong,-0.8833,131.25,301.95,74,10,2.7,ID,1697600538
82,selfoss,63.9331,-20.9971,282.62,83,100,10.99,IS,1697600538
83,wailua homesteads,22.0669,-159.378,301.39,74,20,1.54,US,1697600538
84,longyearbyen,78.2186,15.6401,266.06,73,40,5.14,SJ,1697600538
85,shiguai,40.7058,110.2856,284.9,21,86,4.32,CN,1697600539
86,petropavlovsk-kamchatsky,53.0452,158.6483,279.51,88,100,5.0,RU,1697600539
87,jamestown,42.097,-79.2353,282.92,93,100,3.09,US,1697600394
88,isafjordur,66.0755,-23.124,280.23,92,100,7.37,IS,1697600539
89,saipan,15.1355,145.701,304.54,74,20,6.17,MP,1697600539
90,west island,-12.1568,96.8225,301.14,74,75,6.17,CC,1697600540
91,avarua,-21.2078,-159.775,297.18,64,42,3.6,CK,1697600540
92,crane,31.3974,-102.3501,291.98,37,0,8.53,US,1697600540
93,puerto natales,-51.7236,-72.4875,277.74,92,79,2.18,CL,1697600540
94,kapuskasing,49.4169,-82.4331,277.15,93,0,1.54,CA,1697600540
95,pangody,65.85,74.4859,278.24,91,99,6.0,RU,1697600540
96,nabire,-3.3667,135.4833,301.85,73,89,2.24,ID,1697600541
97,spring creek,40.7266,-115.5859,287.76,34,2,0.72,US,1697600541
98,kodiak,57.79,-152.4072,280.88,87,100,5.14,US,1697600541
99,talnakh,69.4865,88.3972,272.71,96,100,7.33,RU,1697600541
100,raduzhny,62.0961,77.475,281.24,88,19,5.09,RU,1697600541
101,sao joao da barra,-21.6403,-41.0511,296.82,91,100,1.72,BR,1697600497
102,kaa-khem,51.6833,94.7333,280.83,55,60,0.49,RU,1697600542
103,carnarvon,-24.8667,113.6333,302.42,39,0,8.36,AU,1697600542
104,constantia,44.1833,28.65,283.54,65,100,3.29,RO,1697600277
105,ciudad rodrigo,40.6,-6.5333,288.02,91,95,4.3,ES,1697600542
106,severo-yeniseyskiy,60.3725,93.0408,270.14,98,92,1.34,RU,1697600542
107,narvik,68.4384,17.4272,274.15,75,39,1.35,NO,1697600542
108,antsiranana,-12.2787,49.2917,297.57,78,20,4.12,MG,1697600542
109,coos bay,43.3665,-124.2179,288.14,94,0,0.0,US,1697600536
110,faya-largeau,17.9257,19.1043,299.34,23,10,8.81,TD,1697600543
111,bokhan,53.153,103.7714,275.8,61,86,7.18,RU,1697600543
112,new norfolk,-42.7826,147.0587,295.21,21,7,1.53,AU,1697600543
113,temiskaming shores,47.4938,-79.7153,276.04,85,0,1.96,CA,1697600543
114,arraial do cabo,-22.9661,-42.0278,297.07,88,0,4.12,BR,1697600543
115,ilulissat,69.2167,-51.1,264.16,73,100,3.09,GL,1697600544
116,along,28.1667,94.7667,299.61,52,12,0.4,IN,1697600544
117,antsohihy,-14.8796,47.9875,300.34,73,100,1.25,MG,1697600544
118,akureyri,65.6835,-18.0878,277.11,81,0,3.6,IS,1697600544
119,fortuna,40.5982,-124.1573,287.79,96,100,3.6,US,1697600544
120,ilhabela,-23.7781,-45.3581,295.05,90,100,2.92,BR,1697600545
121,silver city,32.7701,-108.2803,292.13,47,40,3.13,US,1697600545
122,boda,4.3189,17.4695,294.15,93,61,0.86,CF,1697600545
123,yashkul',46.1711,45.3435,281.33,55,100,2.08,RU,1697600545
124,portland,45.5234,-122.6762,288.56,91,0,0.45,US,1697600545
125,haiku-pauwela,20.9219,-156.3051,301.16,59,20,2.57,US,1697600545
126,saint-philippe,-21.3585,55.7679,297.92,77,100,3.26,RE,1697600546
127,celestun,20.8667,-90.4,296.74,60,61,4.49,MX,1697600546
128,la'ie,21.6477,-157.9253,302.13,71,49,1.79,US,1697600546
129,mahalapye,-23.1041,26.8142,289.21,72,0,3.42,BW,1697600546
130,manadhoo,5.7667,73.3833,301.29,73,79,3.51,MV,1697600546
131,lihue,21.9789,-159.3672,301.73,73,20,1.54,US,1697600546
132,olonkinbyen,70.9221,-8.7187,274.86,76,100,3.92,SJ,1697600547
133,hermanus,-34.4187,19.2345,288.19,92,1,3.21,ZA,1697600547
134,polyarnyy,69.1989,33.4478,275.14,73,99,5.92,RU,1697600547
135,dudinka,69.4058,86.1778,272.97,98,100,2.68,RU,1697600547
136,tokonou,9.65,-9.7833,293.29,97,93,0.34,GN,1697600547
137,flying fish cove,-10.4217,105.6791,300.97,78,100,5.14,CX,1697600547
138,rongelap,11.1635,166.8941,301.55,75,34,6.42,MH,1697600548
139,veraval,20.9,70.3667,302.29,54,5,4.38,IN,1697600548
140,lebu,-37.6167,-73.65,283.5,91,9,4.07,CL,1697600548
141,cabedelo,-6.9811,-34.8339,295.52,79,61,5.25,BR,1697600549
142,whitehorse,60.7161,-135.0538,280.82,90,100,1.03,CA,1697600549
143,amahai,-3.3333,128.9167,300.53,77,93,2.81,ID,1697600549
144,port moresby,-9.4431,147.1797,301.83,79,75,7.72,PG,1697600549
145,tonkino,57.3726,46.4629,275.16,93,100,6.19,RU,1697600549
146,taroa,8.7058,171.2275,301.68,74,27,3.11,MH,1697600549
147,hawaiian paradise park,19.5933,-154.9731,299.88,82,100,3.6,US,1697600301
148,katsuren-haebaru,26.3369,127.8719,301.58,49,20,3.09,JP,1697600550
149,akrehamn,59.2667,5.1833,276.29,93,100,2.57,NO,1697600550
150,uji,34.8833,135.8,297.6,44,1,1.25,JP,1697600550
151,quellon,-43.1167,-73.6167,281.64,94,96,2.93,CL,1697600550
152,stewartville,43.8555,-92.4885,285.53,70,0,3.6,US,1697600550
153,hammerfest,70.6634,23.6821,274.4,80,100,4.12,NO,1697600364
154,mount pearl,47.5166,-52.7813,276.89,91,100,2.08,CA,1697600551
155,koulamoutou,-1.1303,12.4736,294.81,100,100,0.38,GA,1697600551
156,champerico,14.3,-91.9167,299.16,83,98,1.74,GT,1697600551
157,marquette,46.5333,-87.6335,277.47,86,100,1.34,US,1697600551
158,tukrah,32.5341,20.5791,294.27,61,0,1.76,LY,1697600551
159,aasiaat,68.7098,-52.8699,256.16,92,79,3.29,GL,1697600551
160,san luis de la loma,17.2706,-100.8939,299.13,88,100,0.69,MX,1697600552
161,aras-asan,8.8908,126.3033,302.5,69,78,3.22,PH,1697600552
162,broome,42.2506,-75.833,283.36,94,100,1.54,US,1697600552
163,jasper,37.2001,-94.3502,285.68,71,0,2.57,US,1697600552
164,colonia,50.9333,6.95,280.35,77,0,1.54,DE,1697600354
165,susuman,62.7833,148.1667,259.25,62,29,0.45,RU,1697600552
166,port lincoln,-34.7333,135.8667,295.01,47,0,3.06,AU,1697600553
167,laguna,38.421,-121.4238,296.51,61,0,0.45,US,1697600553
168,brioude,45.1667,3.4167,289.31,84,64,3.77,FR,1697600553
169,vorgashor,67.5833,63.95,275.43,95,100,3.98,RU,1697600553
170,santyoku,37.4406,129.1708,295.28,35,100,2.08,KR,1697600553
171,yalihuyuk,37.3008,32.0855,284.59,63,92,1.9,TR,1697600553
172,pisco,-13.7,-76.2167,292.18,88,0,6.17,PE,1697600554
173,qarazhal,48.0078,70.7903,283.85,29,97,5.13,KZ,1697600554
174,vadso,70.0744,29.7487,274.64,80,40,5.14,NO,1697600554
175,atafu village,-8.5421,-172.5159,301.78,72,100,2.59,TK,1697600554
176,hinthada,17.6333,95.4667,303.18,71,51,0.56,MM,1697600554
177,vilyuchinsk,52.9306,158.4028,280.33,95,100,1.63,RU,1697600554
178,caleta de carquin,-11.0925,-77.6267,292.63,88,91,4.58,PE,1697600555
179,mtambile,-5.3833,39.7,299.19,84,100,3.01,TZ,1697600555
180,port elizabeth,-33.918,25.5701,291.1,78,0,2.24,ZA,1697600555
181,bozhou,33.8772,115.7703,299.14,40,92,2.4,CN,1697600555
182,kolokani,13.5728,-8.0339,297.39,68,94,0.37,ML,1697600555
183,nantucket,41.2835,-70.0995,286.18,83,9,2.32,US,1697600555
184,staryye ozinki,51.1786,49.6769,275.9,77,7,5.83,RU,1697600556
185,codrington,-38.2667,141.9667,295.17,42,26,2.48,AU,1697600556
186,sarangani,5.4033,125.4636,301.57,77,22,5.23,PH,1697600556
187,georgetown,5.4112,100.3354,305.9,70,20,1.54,MY,1697600556
188,madimba,-10.4,40.3333,299.03,68,75,3.23,TZ,1697600556
189,misratah,32.3754,15.0925,296.59,42,3,5.1,LY,1697600557
190,gadzhiyevo,69.2551,33.3362,275.53,69,99,6.75,RU,1697600557
191,nago,26.5881,127.9761,301.62,52,0,2.97,JP,1697600557
192,coquimbo,-29.9533,-71.3436,287.0,88,100,2.57,CL,1697600557
193,sisimiut,66.9395,-53.6735,264.87,82,24,5.2,GL,1697600557
194,port mathurin,-19.6833,63.4167,296.94,80,31,4.16,MU,1697600557
195,turpan,42.9333,89.1667,290.25,21,0,0.74,CN,1697600557
196,yuzhno-kurilsk,44.0306,145.8556,283.91,75,19,5.58,RU,1697600558
197,lerwick,60.1545,-1.1494,282.15,87,100,5.62,GB,1697600558
198,papatowai,-46.5619,169.4708,287.52,64,86,7.87,NZ,1697600558
199,port alfred,-33.5906,26.891,290.31,75,0,2.09,ZA,1697600558
200,kailua-kona,19.6406,-155.9956,302.32,77,20,3.09,US,1697600362
201,portales,34.1862,-103.3344,292.89,38,0,5.24,US,1697600558
202,barclayville,4.6797,-8.2339,296.98,93,74,0.72,LR,1697600558
203,chonchi,-42.6128,-73.8092,281.71,92,81,1.17,CL,1697600559
204,kudymkar,59.0173,54.656,275.94,78,97,8.7,RU,1697600559
205,serafimovich,49.5786,42.736,278.24,51,0,4.47,RU,1697600559
206,gaiman,-43.2897,-65.4929,285.18,46,73,4.19,AR,1697600559
207,kone,-21.0595,164.8658,298.23,72,67,4.82,NC,1697600559
208,nueva guinea,11.6876,-84.4562,295.92,95,100,2.98,NI,1697600560
209,paraty,-23.2178,-44.7131,296.34,95,100,1.67,BR,1697600560
210,tual,-5.6667,132.75,300.03,75,80,4.5,ID,1697600410
211,alva,56.1528,-3.8051,284.63,82,100,4.02,GB,1697600560
212,uruguaiana,-29.7547,-57.0883,291.11,82,0,5.14,BR,1697600560
213,tamanrasset,22.785,5.5228,293.1,18,0,3.6,DZ,1697600560
214,horasan,40.0458,42.1728,280.74,77,41,0.19,TR,1697600561
215,hargeysa,9.56,44.065,293.63,81,8,0.23,SO,1697600561
216,olinda,-8.0089,-34.8553,298.0,73,40,4.63,BR,1697600561
217,hirara,24.8,125.2833,301.07,61,40,6.69,JP,1697600561
218,black point,-34.6187,137.8972,295.7,34,0,1.72,AU,1697600561
219,greenwood,34.1668,-82.1165,284.83,57,0,0.0,US,1697600353
220,anadyr,64.75,177.4833,267.43,67,20,9.0,RU,1697600562
221,isabela,6.7085,121.9711,305.18,68,50,0.7,PH,1697600562
222,havelock,34.8791,-76.9013,289.22,84,100,3.6,US,1697600562
223,alpena,45.0617,-83.4327,283.29,96,100,0.45,US,1697600562
224,el granada,37.5027,-122.4694,293.31,87,100,10.29,US,1697600557
225,afaahiti,-17.75,-149.2833,299.85,86,91,6.92,PF,1697600562
226,greymouth,-42.4667,171.2,286.71,66,95,2.06,NZ,1697600563
227,sibolga,1.7427,98.7792,302.17,67,60,1.9,ID,1697600563
228,ghazni,33.5536,68.4269,283.86,31,44,0.34,AF,1697600563
229,upington,-28.4478,21.2561,291.36,39,0,2.06,ZA,1697600563
230,vernon,50.2581,-119.2691,285.54,72,100,1.34,CA,1697600563
231,tobelo,1.7284,128.0095,302.64,68,62,2.73,ID,1697600563
232,nova sintra,14.8667,-24.7167,298.26,70,2,1.99,CV,1697600564
233,orbottyan,47.6871,19.2824,271.86,63,0,1.13,HU,1697600564
234,hamilton,39.1834,-84.5333,282.62,89,100,2.57,US,1697600428
235,mengellang,7.6957,134.6305,301.1,73,24,0.49,PW,1697600564
236,bryne,58.7354,5.6477,278.12,98,100,0.51,NO,1697600564
237,ilomantsi,62.6716,30.9328,274.09,91,100,3.24,FI,1697600564
238,nguigmi,14.2495,13.1092,301.93,27,82,5.12,NE,1697600565
239,kingston,17.997,-76.7936,302.68,87,20,3.09,JM,1697600292
240,twon-brass,4.3151,6.2418,298.9,88,100,4.2,NG,1697600565
241,antonio enes,-16.2325,39.9086,298.34,77,88,2.8,MZ,1697600565
242,tarawa,1.419,172.984,304.2,70,75,4.63,KI,1697600565
243,magadan,59.5667,150.8,270.83,75,0,4.92,RU,1697600565
244,bhamo,24.2667,97.2333,303.58,50,1,0.9,MM,1697600566
245,cannonvale,-20.2833,148.7,297.81,68,58,8.52,AU,1697600566
246,sola,-13.8833,167.55,302.52,70,75,3.09,VU,1697600566
247,guli,28.8833,120.0333,298.52,50,0,1.52,CN,1697600566
248,diok'nisi,41.6293,42.3917,281.28,84,100,1.5,GE,1697600567
249,maceio,-9.6658,-35.7353,295.84,94,75,3.09,BR,1697600567
250,bonthe,7.5264,-12.505,297.02,93,99,2.07,SL,1697600567
251,cedeira,43.6797,-8.0209,289.47,91,100,12.81,ES,1697600567
252,port saint john's,-31.6229,29.5448,289.3,82,2,3.68,ZA,1697600567
253,mastic beach,40.7668,-72.8521,285.36,90,100,0.0,US,1697600567
254,barela,23.1,80.05,297.6,78,1,1.03,IN,1697600568
255,kitaibaraki,36.7833,140.75,296.07,60,70,0.89,JP,1697600568
256,st. john's,47.5649,-52.7093,277.35,91,100,0.89,CA,1697600474
257,brisas de zicatela,15.8369,-97.0419,299.24,76,88,2.15,MX,1697600568
258,paka,4.6374,103.4368,302.11,84,20,0.0,MY,1697600568
259,brookings,44.3114,-96.7984,287.8,58,0,7.72,US,1697600568
260,turochak,52.2576,87.1224,283.35,75,1,1.11,RU,1697600569
261,holbrook,40.8123,-73.0784,285.41,82,40,0.0,US,1697600526
262,elliot lake,46.3834,-82.6331,277.69,95,0,1.33,CA,1697600569
263,udachny,66.4167,112.4,264.51,85,95,6.88,RU,1697600569
264,nouadhibou,20.931,-17.0347,296.14,88,11,5.66,MR,1697600569
265,bokovskaya,49.229,41.8306,275.29,72,0,3.56,RU,1697600569
266,queenstown,-31.8976,26.8753,285.78,65,0,1.65,ZA,1697600570
267,erenhot,43.6475,111.9767,284.74,18,8,10.67,CN,1697600570
268,ondo,7.1,4.8333,294.45,97,90,0.34,NG,1697600570
269,borujen,31.9652,51.2873,283.2,27,0,1.45,IR,1697600570
270,mwene-ditu,-7.0,23.45,291.84,98,100,1.63,CD,1697600570
271,sandnessjoen,66.0217,12.6316,276.21,81,0,2.06,NO,1697600570
272,skidaway island,31.9349,-81.0471,288.7,81,100,1.54,US,1697600571
273,santa cruz,-17.8,-63.1667,300.85,61,20,1.54,BO,1697600571
274,yemel'yanovo,56.1681,92.6767,282.64,81,75,7.15,RU,1697600571
275,shimoda,34.6667,138.95,296.35,61,2,2.12,JP,1697600571
276,martuk,50.7475,56.5056,278.35,71,16,4.64,KZ,1697600571
277,rezh,57.37,61.4043,279.94,55,100,4.62,RU,1697600571
278,comodoro rivadavia,-45.8667,-67.5,281.07,57,0,3.09,AR,1697600572
279,lospalos,-8.5186,127.0025,302.68,44,26,5.16,TL,1697600572
280,assab,13.0092,42.7394,302.01,72,90,9.86,ER,1697600490
281,baxter,46.3433,-94.2867,286.31,62,75,1.54,US,1697600572
282,tot'ma,59.9747,42.7642,275.31,88,100,5.47,RU,1697600572
283,sinop,41.7711,34.8709,282.9,92,100,2.33,TR,1697600572
284,castillos,-34.1667,-53.8333,280.56,85,3,3.0,UY,1697600572
285,vilyuysk,63.7553,121.6247,269.92,96,100,2.24,RU,1697600573
286,lautoka,-17.6167,177.4667,301.07,69,40,6.17,FJ,1697600573
287,lazaro cardenas,17.9583,-102.2,298.88,87,100,1.02,MX,1697600573
288,toppenish,46.3774,-120.3087,287.42,48,99,0.25,US,1697600573
289,cockburn town,21.4612,-71.1419,302.05,74,56,5.82,TC,1697600573
290,mil'kovo,55.6078,37.7956,277.23,84,47,5.44,RU,1697600573
291,kamin-kashyrskyi,51.6241,24.9586,275.68,78,94,3.38,UA,1697600574
292,palmer,42.1584,-72.3287,284.87,83,75,0.0,US,1697600574
293,arcadia,34.1397,-118.0353,298.71,53,0,0.17,US,1697600547
294,yahotyn,50.2798,31.7625,276.12,74,55,3.33,UA,1697600574
295,lodwar,3.1191,35.5973,300.12,65,69,2.82,KE,1697600574
296,tsiombe,-25.3,45.4833,295.6,91,100,4.44,MG,1697600574
297,cromer,52.9312,1.2989,285.15,71,100,10.93,GB,1697600575
298,banikoara,11.2985,2.4386,299.02,68,99,1.19,BJ,1697600575
299,agadir,30.4202,-9.5982,292.4,69,11,0.9,MA,1697600575
300,howrah,22.5892,88.3103,303.15,70,20,2.06,IN,1697600575
301,karratha,-20.7377,116.8463,309.24,14,0,4.26,AU,1697600575
302,rikaze,29.25,88.8833,280.82,33,91,1.6,CN,1697600575
303,noumea,-22.2763,166.4572,297.14,89,78,6.35,NC,1697600525
304,khandyga,62.6667,135.6,270.46,66,100,1.0,RU,1697600576
305,mount isa,-20.7333,139.5,308.02,10,0,3.09,AU,1697600576
306,timbiqui,2.7717,-77.6654,297.81,93,100,0.87,CO,1697600576
307,kerikeri,-35.2268,173.9474,289.84,89,100,3.84,NZ,1697600576
308,qamdo,31.1667,97.2333,278.96,32,21,3.06,CN,1697600577
309,tshabong,-26.05,22.45,290.75,44,0,6.18,BW,1697600577
310,kuanda,56.3161,116.0806,275.38,61,42,2.4,RU,1697600577
311,komsomol'skiy,43.9783,46.6985,283.36,46,100,1.72,RU,1697600577
312,asmar,35.0333,71.3581,290.95,47,73,0.52,AF,1697600577
313,sao jose da coroa grande,-8.8978,-35.1478,296.62,83,99,4.03,BR,1697600578
314,qaqortoq,60.7167,-46.0333,271.84,59,8,1.93,GL,1697600578
315,al ghayzah,16.2079,52.176,298.91,75,7,1.13,YE,1697600578
316,raholt,60.2667,11.1833,277.19,89,0,2.06,NO,1697600578
317,siverskiy,59.3544,30.0783,276.24,82,26,1.33,RU,1697600578
318,hailar,49.2,119.7,275.24,92,100,3.79,CN,1697600578
319,xinqing,48.2333,129.5,283.45,42,100,4.5,CN,1697600578
320,eraan,9.0629,117.7016,303.39,71,71,1.69,PH,1697600579
321,sanctuary point,-35.1114,150.629,294.25,54,47,4.32,AU,1697600579
322,sorsk,54.0033,90.2467,280.12,75,100,2.06,RU,1697600579
323,tuy hoa,13.0833,109.3,302.96,70,97,1.39,VN,1697600579
324,taroudant,30.4703,-8.877,294.07,59,41,1.04,MA,1697600579
325,malanje,-9.5402,16.341,291.34,97,88,1.93,AO,1697600580
326,umm kaddadah,13.6017,26.6876,298.21,18,77,7.33,SD,1697600580
327,itambacuri,-18.0311,-41.685,294.11,82,60,2.3,BR,1697600580
328,east london,-33.0153,27.9116,287.67,94,0,2.57,ZA,1697600580
329,rapar,23.5667,70.6333,301.52,69,0,2.37,IN,1697600580
330,klyuchi,52.2667,79.1667,284.63,36,11,4.04,RU,1697600580
331,inarajan village,13.2736,144.7484,304.23,88,91,4.62,GU,1697600580
332,pedro ii,-4.4247,-41.4586,295.65,74,87,1.0,BR,1697600581
333,xichang,27.8964,102.2634,293.84,65,8,1.5,CN,1697600581
334,tchibanga,-2.85,11.0333,295.3,97,100,0.65,GA,1697600581
335,dongola,19.1667,30.4833,296.34,25,48,6.08,SD,1697600581
336,badger,64.8,-147.5333,274.46,86,100,2.06,US,1697600581
337,taulaga,-11.0553,-171.0883,300.68,79,61,5.52,AS,1697600422
338,miyaly,48.8844,53.7836,278.62,67,68,3.4,KZ,1697600582
339,horta,38.5333,-28.6333,294.83,94,100,7.15,PT,1697600582
340,remire-montjoly,4.9167,-52.2667,297.17,94,100,1.03,GF,1697600582
341,margate,51.3813,1.3862,285.32,77,100,2.24,GB,1697600582
342,rabo de peixe,37.8,-25.5833,293.88,99,75,7.72,PT,1697600582
343,broni,45.0655,9.2623,287.65,74,100,2.26,IT,1697600583
344,minas de marcona,-15.2119,-75.1103,289.02,82,96,4.08,PE,1697600583
345,chagoda,59.164,35.3285,275.43,84,97,3.62,RU,1697600583
346,borogontsy,62.6683,131.1683,267.75,62,100,0.45,RU,1697600583
347,kasulu,-4.5767,30.1025,292.42,77,79,0.21,TZ,1697600583
348,kolosovka,56.4678,73.611,283.71,72,96,4.71,RU,1697600583
349,callao,-12.0667,-77.15,294.1,82,75,6.17,PE,1697600584
350,howard springs,-12.497,131.047,308.1,22,6,2.38,AU,1697600584
351,happy valley-goose bay,53.3168,-60.3315,279.32,75,75,2.57,CA,1697600584
352,osa,57.2829,55.4567,277.22,71,83,7.77,RU,1697600584
353,san patricio,28.017,-97.5169,294.06,48,0,3.22,US,1697600584
354,coahuayana de hidalgo,18.7,-103.6583,298.64,93,100,1.58,MX,1697600584
355,hadibu,12.65,54.0333,300.61,75,22,2.18,YE,1697600585
356,igarka,67.4667,86.5833,273.57,98,100,9.53,RU,1697600585
357,estelle,29.8458,-90.1067,291.14,66,0,0.45,US,1697600585
358,gamay,12.3854,125.2979,302.6,71,48,2.2,PH,1697600585
359,holualoa,19.6228,-155.9522,300.25,77,20,3.09,US,1697600522
360,fort st. john,56.2499,-120.8529,281.09,66,100,3.09,CA,1697600585
361,enewetak,11.3474,162.3373,301.74,76,35,6.8,MH,1697600586
362,basudebpur,21.1353,86.7386,302.48,64,6,2.21,IN,1697600586
363,can gio,10.4167,106.9667,302.4,73,71,3.31,VN,1697600586
364,tongliao,43.6125,122.2653,289.66,21,75,4.48,CN,1697600586
365,kangding,30.0513,101.9603,289.46,58,36,1.09,CN,1697600586
366,shimanovsk,52.0,127.7,279.39,54,100,3.91,RU,1697600587
367,vila velha,-20.3297,-40.2925,298.12,86,0,6.17,BR,1697600561
368,vityazevo,44.9931,37.2719,281.51,87,20,3.13,RU,1697600587
369,kruisfontein,-34.0033,24.7314,288.38,65,0,4.56,ZA,1697600587
370,antofagasta,-23.65,-70.4,290.75,83,48,0.61,CL,1697600524
371,fauske,67.2588,15.3918,274.17,90,57,1.41,NO,1697600587
372,fada n'gourma,12.0622,0.3578,299.94,68,100,2.79,BF,1697600588
373,aral,40.5156,81.2636,288.05,26,72,3.43,CN,1697600588
374,tera,14.0078,0.7531,302.9,36,33,2.47,NE,1697600588
375,ghanzi,-21.5667,21.7833,289.1,45,23,4.09,BW,1697600588
376,bandarbeyla,9.4942,50.8122,300.03,78,7,0.49,SO,1697600588
377,kupang,-10.1667,123.5833,309.47,23,20,7.2,ID,1697600589
378,zaozersk,69.4005,32.4476,273.41,79,100,3.04,RU,1697600589
379,sausset-les-pins,43.3314,5.1043,292.33,68,75,7.2,FR,1697600589
380,utete,-7.986,38.758,297.63,85,75,1.4,TZ,1697600589
381,zungeru,9.8128,6.1558,297.86,80,89,0.79,NG,1697600589
382,silute,55.3489,21.4831,283.47,78,100,8.6,LT,1697600589
383,sao tome,0.3365,6.7273,298.93,84,100,2.61,ST,1697600590
384,chibougamau,49.9168,-74.3659,273.94,93,0,0.0,CA,1697600590
385,kavieng,-2.5744,150.7967,301.73,72,43,1.1,PG,1697600590
386,la villa del rosario,10.3258,-72.3134,298.26,86,85,3.0,VE,1697600590
387,yayva,59.3303,57.2641,279.04,74,95,7.34,RU,1697600590
388,kirakira,-10.4544,161.9205,302.23,68,99,3.12,SB,1697600590
389,al majaridah,19.1236,41.9111,301.17,44,0,1.06,SA,1697600590
390,dwarka,22.2394,68.9678,300.93,70,0,3.8,IN,1697600591
391,namibe,-15.1961,12.1522,290.25,83,33,1.55,AO,1697600591
392,midoun,33.8081,10.9923,293.07,40,1,4.64,TN,1697600591
393,whangarei,-35.7317,174.3239,291.56,74,100,3.05,NZ,1697600591
394,zhangye,38.9342,100.4517,276.97,90,100,6.54,CN,1697600591
395,tres arroyos,-38.3739,-60.2798,279.85,60,0,4.4,AR,1697599995
396,kudahuvadhoo,2.6708,72.8944,301.05,74,49,5.41,MV,1697600592
397,borzya,50.3833,116.5167,279.04,45,58,6.19,RU,1697600592
398,urzhar,47.093,81.6294,286.44,27,0,2.82,KZ,1697600592
399,masyaf,35.0653,36.3406,289.29,86,0,1.14,SY,1697600373
400,khovd,48.0056,91.6419,280.31,24,4,1.32,MN,1697600592
401,mo i rana,66.3128,14.1428,272.77,88,20,1.54,NO,1697600593
402,fenton,42.7978,-83.7049,281.62,88,40,2.57,US,1697600593
403,krasnokuts'k,50.066,35.1628,275.16,70,14,3.66,UA,1697600593
404,pauini,-7.7136,-66.9764,296.13,93,46,0.79,BR,1697600593
405,miyako,39.6367,141.9525,291.48,55,1,2.83,JP,1697600593
406,manavalakurichi,8.1333,77.3,300.43,80,100,3.41,IN,1697600593
407,afsin,38.2477,36.914,284.77,61,80,1.25,TR,1697600594
408,macheng,31.1783,115.0319,300.87,38,6,0.77,CN,1697600594
409,kapa'a,22.0752,-159.319,302.14,73,20,1.54,US,1697600594
410,wainwright,52.839,-110.8572,280.31,86,94,2.41,CA,1697600594
411,dunedin,-45.8742,170.5036,288.04,65,29,1.79,NZ,1697600320
412,nikolayevsk,50.0282,45.4595,277.44,63,0,4.92,RU,1697600594
413,nar'yan-mar,67.6713,53.087,274.32,89,100,4.02,RU,1697600595
414,sabha,27.0377,14.4283,295.21,22,0,2.97,LY,1697600595
415,doka,13.5167,35.7667,295.97,72,97,2.05,SD,1697600595
416,kavaratti,10.5669,72.642,301.51,70,78,0.88,IN,1697600595
417,college,64.8569,-147.8028,274.51,86,75,2.06,US,1697600571
418,tafi viejo,-26.732,-65.2592,286.06,94,100,3.09,AR,1697600595
419,as sulayyil,20.4607,45.5779,295.29,18,0,2.47,SA,1697600596
420,jesup,31.6074,-81.8854,284.1,87,0,0.0,US,1697600596
421,hobbs,32.7026,-103.136,292.07,30,0,4.12,US,1697600377
422,santa ana de yacuma,-13.75,-65.4333,301.29,53,42,2.39,BO,1697600596
423,rio verde de mato grosso,-18.9181,-54.8442,302.63,41,95,1.59,BR,1697600542
424,sogndal,61.2283,7.1003,276.36,100,100,0.0,NO,1697600596
425,geraldton,-28.7667,114.6,297.38,53,1,5.14,AU,1697600597
426,saudarkrokur,65.7461,-19.6394,279.03,89,99,5.1,IS,1697600597
427,nyurba,63.2842,118.3319,269.28,89,96,2.68,RU,1697600597
428,egilsstadir,65.2653,-14.3948,276.1,93,75,2.06,IS,1697600597
429,tura,25.5198,90.2201,299.78,64,0,0.73,IN,1697600597
430,brazzaville,-4.2658,15.2832,296.35,94,20,1.03,CG,1697600597
431,dashitou,43.3067,128.5114,284.49,67,100,4.55,CN,1697600598
432,hithadhoo,-0.6,73.0833,300.43,77,18,5.39,MV,1697600598
433,moro,26.6646,68.0016,300.38,43,0,3.3,PK,1697600598
434,fada,9.5667,8.3,293.54,86,100,1.17,NG,1697600598
435,newman,37.3138,-121.0208,296.14,67,0,0.89,US,1697600598
436,uturoa,-16.7333,-151.4333,299.03,83,79,5.64,PF,1697600599
437,zeya,53.75,127.2667,275.09,70,88,1.73,RU,1697600599
438,levski,43.3667,25.1333,281.52,61,100,1.17,BG,1697600599
439,trincomalee,8.5711,81.2335,300.08,79,96,0.8,LK,1697600599
440,new plymouth,-39.0667,174.0833,293.04,83,27,1.43,NZ,1697600467
441,keflavik,64.0049,-22.5624,283.39,87,100,15.95,IS,1697600599
442,san pedro pochutla,15.7333,-96.4667,295.7,88,59,1.97,MX,1697600600
443,villa gesell,-37.2639,-56.973,281.32,66,0,1.26,AR,1697600600
444,penugonda,16.6667,81.7333,303.26,58,9,1.88,IN,1697600600
445,xinyuan,37.3,99.0,272.66,20,64,11.16,CN,1697600600
446,tromso,69.6496,18.957,271.16,86,0,1.54,NO,1697600600
447,bethanie,-26.4833,17.15,291.16,25,0,0.52,NA,1697600601
448,fort bragg,35.139,-79.006,288.1,79,100,1.54,US,1697600601
449,banda aceh,5.5577,95.3222,301.69,64,98,1.2,ID,1697600601
450,maintirano,-18.0667,44.0167,300.18,73,96,1.57,MG,1697600601
451,asau,46.4333,26.4,270.66,76,76,1.97,RO,1697600601
452,kamina,-8.7386,24.9906,291.97,97,100,1.72,CD,1697600601
453,okhotsk,59.3833,143.3,268.78,62,35,1.95,RU,1697600383
454,dawson creek,55.7666,-120.2362,282.95,62,75,1.03,CA,1697600602
455,stephenville,32.2207,-98.2023,291.01,49,0,2.06,US,1697600602
456,yeroham,30.9872,34.9314,290.6,83,0,1.41,IL,1697600602
457,uzhur,55.3036,89.8339,279.52,84,100,1.92,RU,1697600602
458,redencao,-4.2258,-38.7306,296.53,90,100,2.13,BR,1697600602
459,puerto baquerizo moreno,-0.9,-89.6,296.56,84,72,4.76,EC,1697600542
460,chinchilla,-26.75,150.6333,301.45,20,0,3.56,AU,1697600603
461,carauari,-4.8828,-66.8958,298.54,77,48,0.76,BR,1697600603
462,la passe,45.5549,-0.8967,293.14,74,88,8.81,FR,1697600603
463,ugoofaaru,5.6667,73.0,300.9,76,83,3.67,MV,1697600603
464,soc trang,9.6033,105.98,304.07,66,76,3.96,VN,1697600603
465,papao,-17.75,-149.55,300.74,82,97,7.26,PF,1697600603
466,fengrun,39.8333,118.1167,295.57,25,98,3.4,CN,1697600604
467,ola,59.5833,151.2833,271.16,33,0,4.72,RU,1697600604
468,west mackay,-21.1481,149.1605,299.05,68,99,6.96,AU,1697600604
469,baikonur,45.6167,63.3167,285.91,27,87,2.39,KZ,1697600604
470,paarl,-33.7338,18.9752,288.77,80,1,3.03,ZA,1697600604
471,porto novo,6.4965,2.6036,296.05,89,62,0.79,BJ,1697600605
472,malango,-2.9627,119.9001,300.9,62,62,2.18,ID,1697600605
473,nova vicosa,-17.8919,-39.3719,295.81,85,8,4.09,BR,1697600605
474,marsh harbour,26.5412,-77.0636,297.35,59,73,4.21,BS,1697600605
475,pariaman,-0.619,100.12,301.18,68,98,2.11,ID,1697600605
476,jolo,6.05,121.0167,301.87,75,48,0.38,PH,1697600606
477,bikenibeu village,1.3673,173.1241,304.13,70,75,4.63,KI,1697600606
478,armacao de buzios,-22.7469,-41.8817,298.18,97,81,3.01,BR,1697600606
479,mayna,54.1135,47.6231,276.97,82,87,6.96,RU,1697600606
480,anadarko,35.0726,-98.2437,290.27,37,0,6.44,US,1697600606
481,vila franca do campo,37.7167,-25.4333,294.38,99,98,7.41,PT,1697600606
482,nuuk,64.1835,-51.7216,268.49,58,0,8.23,GL,1697600607
483,morondava,-20.2833,44.2833,299.79,71,99,1.92,MG,1697600607
484,santa cecilia,-26.9608,-50.4269,285.06,99,93,0.86,BR,1697600581
485,choibalsan,48.0667,114.5,281.22,33,7,8.99,MN,1697600607
486,strathmore,51.0501,-113.3852,282.82,66,62,4.02,CA,1697600607
487,carutapera,-1.195,-46.02,298.46,86,100,3.15,BR,1697600607
488,dhidhdhoo,6.8833,73.1,301.12,74,72,1.83,MV,1697600608
489,tazacorte,28.629,-17.9293,295.69,76,0,2.68,ES,1697600608
490,flin flon,54.7682,-101.865,281.07,77,100,2.31,CA,1697600608
491,mahanoro,-19.9,48.8,297.14,84,98,3.92,MG,1697600364
492,campbell river,50.0163,-125.2446,285.07,100,100,10.29,CA,1697600608
493,labrador city,52.9463,-66.9114,275.1,80,100,2.06,CA,1697600608
494,maragogi,-9.0122,-35.2225,296.71,82,100,4.18,BR,1697600558
495,kyzylorda,44.8528,65.5092,279.16,70,0,2.0,KZ,1697600609
496,novyy urgal,51.0736,132.5642,279.81,46,96,4.12,RU,1697600609
497,nogliki,51.8333,143.1667,282.23,84,81,3.13,RU,1697600609
498,hutchinson,38.0608,-97.9298,290.12,47,0,5.66,US,1697600536
499,alta,69.9689,23.2717,268.74,93,75,1.03,NO,1697600609
500,port douglas,-16.4833,145.4667,298.86,71,65,6.82,AU,1697600609
501,enshi,30.3,109.4833,298.06,57,12,0.58,CN,1697600610
502,tahe,52.3333,124.7333,276.93,70,100,2.93,CN,1697600610
503,mont-dore,-22.2833,166.5833,297.14,91,71,6.13,NC,1697600610
504,mejit,10.2753,170.8646,301.46,76,64,5.92,MH,1697600610
505,argo,37.6333,22.7333,289.14,84,34,1.94,GR,1697600610
506,iwanai,42.9744,140.5089,288.99,61,37,3.53,JP,1697600611
507,eynesil,41.0645,39.1438,287.21,78,100,2.97,TR,1697600611
508,pokhvistnevo,53.6524,52.1274,276.61,82,14,6.15,RU,1697600611
509,mata-utu,-13.2816,-176.1745,300.27,79,100,8.95,WF,1697600611
510,santarem,-2.4431,-54.7083,298.22,94,75,0.51,BR,1697600611
511,weatherford,32.7593,-97.7972,290.35,44,0,4.3,US,1697600562
512,ribeira brava,32.65,-17.0667,295.77,73,64,3.32,PT,1697600612
513,narasannapeta,18.4167,84.05,301.87,65,23,0.92,IN,1697600612
514,idri,27.5,13.2667,294.8,22,7,2.75,LY,1697600612
515,tofol,5.3248,163.0078,301.03,83,75,3.6,FM,1697600612
516,sur,22.5667,59.5289,303.45,49,0,3.42,OM,1697600612
517,robore,-18.3333,-59.75,300.01,50,15,1.92,BO,1697600613
518,kimbe,-5.5502,150.1429,303.16,72,63,2.29,PG,1697600613
519,guerrero negro,27.9769,-114.0611,294.39,75,45,4.97,MX,1697600613
520,viedma,-40.8135,-62.9967,284.24,46,0,4.36,AR,1697600613
521,chasong,41.4608,126.6414,284.56,87,96,2.22,KP,1697600613
522,prince george,53.9166,-122.753,281.84,86,100,9.26,CA,1697600613
523,porto uniao,-26.2381,-51.0783,287.58,99,99,0.19,BR,1697600614
524,montego bay,18.4712,-77.9188,300.04,83,20,3.09,JM,1697600614
525,makokou,0.5738,12.8642,294.01,100,100,1.0,GA,1697600614
526,seydi,39.4816,62.9137,292.55,26,85,4.8,TM,1697600614
527,souillac,-20.5167,57.5167,296.36,94,75,1.54,MU,1697600614
528,madison,34.7334,-86.5667,283.01,90,0,3.13,US,1697600466
529,ketchikan,55.3422,-131.6461,286.14,94,100,10.8,US,1697600614
530,menongue,-14.6585,17.691,288.46,24,36,0.66,AO,1697600615
531,middelburg,-25.7751,29.4648,284.89,78,37,5.38,ZA,1697600615
532,berdigestyakh,62.0989,126.6992,268.31,69,100,4.47,RU,1697600615
533,zarghun shahr,32.8473,68.4457,284.05,37,7,2.2,AF,1697600615
534,bridgewater,44.3835,-64.5155,281.97,92,100,3.09,CA,1697600615
535,qalat,32.1058,66.9083,290.25,18,11,2.09,AF,1697600616
536,urengoy,65.9667,78.3667,277.65,95,100,4.92,RU,1697600616
537,weno,7.4515,151.8468,303.12,84,100,5.14,FM,1697600616
538,governador valadares,-18.8511,-41.9494,297.69,63,64,1.24,BR,1697600616
539,oodweyne,9.4092,45.064,296.96,59,7,2.39,SO,1697600616
540,balabac,7.9868,117.0645,303.04,70,81,3.91,PH,1697600617
541,klimavichy,53.6135,31.9385,277.17,80,89,5.81,BY,1697600617
542,ta`u,-14.2336,-169.5144,299.09,83,85,9.74,AS,1697600617
543,tenenkou,14.4572,-4.9169,302.64,46,98,2.58,ML,1697600617
544,puerto santa,-8.9906,-78.6456,291.92,90,71,3.82,PE,1697600617
545,sulak,43.2734,47.5146,281.42,51,67,2.16,RU,1697600617
546,hasaki,35.7333,140.8333,296.37,56,91,3.84,JP,1697600618
547,dryden,49.7833,-92.7503,284.31,66,75,3.6,CA,1697600618
548,manismata,-2.4667,111.0333,305.85,56,40,1.73,ID,1697600618
549,yamba,-5.9,22.3,294.52,98,100,0.6,CD,1697600618
550,taoudenni,22.6783,-3.9836,302.09,16,0,3.18,ML,1697600618
551,sarkand,45.41,79.9186,290.44,17,0,1.26,KZ,1697600619
552,hami,42.8,93.45,284.99,37,0,2.46,CN,1697600619
553,tete,-16.1564,33.5867,296.2,100,75,0.0,MZ,1697600619
554,san ignacio,17.1561,-89.0714,296.23,83,0,2.06,BZ,1697600619
555,bang len,14.0219,100.1718,304.12,66,72,1.5,TH,1697600619
556,praia da vitoria,38.7333,-27.0667,295.29,83,40,7.45,PT,1697600619
557,salalah,17.0151,54.0924,298.2,73,0,1.03,OM,1697600620
558,xianning,29.8833,114.2167,301.22,38,0,1.56,CN,1697600620
559,al kharijah,25.4514,30.5464,293.04,46,0,3.17,EG,1697600620
560,alice springs,-23.7,133.8833,300.9,11,0,4.63,AU,1697600513
561,dunbar,38.3606,-81.7374,284.68,94,100,0.45,US,1697600620
562,muisne,0.6,-80.0333,298.71,83,92,1.62,EC,1697600620
563,abu tij,27.0441,31.319,293.8,56,0,3.13,EG,1697600621
564,chernyshevskiy,63.0128,112.4714,270.1,76,98,3.97,RU,1697600621
565,cuamba,-14.8031,36.5372,296.12,67,96,1.02,MZ,1697600621
566,macae,-22.3708,-41.7869,298.01,88,75,1.03,BR,1697600621
567,fatwa,25.5167,85.3167,300.2,56,0,2.14,IN,1697600621
